first_name,last_name,email
John,Doe,john.doe@smail.com
Jane,Smith,jane.smith@smail.com
Alice,Johnson,alice.johnson@smail.com
Bob,Brown,bob.brown@smail.com
Charlie,Black,charlie.black@smail.com
David,Wilson,david.wilson@smail.com
Eva,Taylor,eva.taylor@smail.com
Frank,Harris,frank.harris@smail.com
Grace,Martinez,grace.martinez@smail.com
Hannah,Garcia,hannah.garcia@smail.com
Ian,Roberts,ian.roberts@smail.com
Jack,Miller,jack.miller@smail.com
Kim,Davis,kim.davis@smail.com
Liam,Lopez,liam.lopez@smail.com
Mia,Gonzalez,mia.gonzalez@smail.com
Nina,Perez,nina.perez@smail.com
Oscar,Evans,oscar.evans@smail.com
Paul,Nelson,paul.nelson@smail.com
Quincy,Carter,quincy.carter@smail.com
Johnny,Bravo,johnny.bravo@smail.com
